Punto,Fecha_Validez,T2_Obs,PP_Obs
BT Portillo,2026-10-05 13:00:00,10.144,0.0
BT Portillo,2026-10-05 14:00:00,9.783333333333333,0.0
BT Portillo,2026-10-05 15:00:00,9.843333333333334,0.0
BT Portillo,2026-10-05 16:00:00,9.695,0.0
BT Portillo,2026-10-05 17:00:00,7.995,0.0
BT Portillo,2026-10-05 18:00:00,6.656666666666666,0.0
BT Portillo,2026-10-05 19:00:00,6.096666666666667,0.0
BT Portillo,2026-10-05 20:00:00,5.7683333333333335,1.27
BT Portillo,2026-10-05 21:00:00,5.305833333333333,2.29
BT Portillo,2026-10-05 22:00:00,4.9816666666666665,1.78
BT Portillo,2026-10-05 23:00:00,4.6658333333333335,1.27
BT Portillo,2026-10-06 00:00:00,4.509166666666666,1.27
BT Portillo,2026-10-06 01:00:00,4.573333333333333,1.78
BT Portillo,2026-10-06 02:00:00,4.536666666666666,1.27
BT Portillo,2026-10-06 03:00:00,4.564166666666666,1.78
BT Portillo,2026-10-06 04:00:00,4.433,3.56
BT Portillo,2026-10-06 05:00:00,4.2263636363636365,5.33
BT Portillo,2026-10-06 06:00:00,4.0,4.83
BT Portillo,2026-10-06 07:00:00,4.08,6.6
BT Portillo,2026-10-06 08:00:00,3.8524999999999996,12.7
BT Portillo,2026-10-06 09:00:00,3.7216666666666662,7.11
BT Portillo,2026-10-06 10:00:00,3.8441666666666663,8.89
BT Portillo,2026-10-06 11:00:00,4.174166666666667,6.1
BT Portillo,2026-10-06 12:00:00,4.320833333333334,6.1
BT Portillo,2026-10-06 13:00:00,4.32125,4.32
